matches,innings,not_outs,runs,highest_score,average,strike_rate,hundreds,fifties,ducks,fours,sixes,balls_faced,catches,selected
37,32,5,909,120,33.67,62.82,2,4,3,98,24,1447,6,0
55,51,8,1025,132,23.84,83.27,1,2,10,111,56,1231,6,0
25,25,5,802,117,40.1,78.17,1,2,3,81,30,1026,7,0
52,50,3,679,44,14.45,54.98,0,1,6,100,13,1235,4,0
57,54,14,1723,140,43.08,88.77,3,15,3,240,87,1941,12,0
46,45,3,1111,80,26.45,95.28,0,4,7,110,67,1166,6,0
32,28,7,703,120,33.48,77.25,7,5,1,72,25,910,2,0
41,39,10,1408,133,48.55,97.64,3,4,0,172,75,1442,2,1
89,84,15,1509,49,21.87,78.63,0,2,4,220,63,1919,12,0
63,58,7,1155,126,22.65,56.73,1,3,10,154,22,2036,6,0
53,52,15,1903,173,51.43,93.84,2,11,0,255,109,2028,6,0
78,76,14,2549,134,41.11,85.02,6,12,1,261,77,2998,8,1
19,18,3,378,82,25.2,55.02,0,3,0,47,9,687,1,0
52,51,6,1408,109,31.29,79.46,4,6,2,161,61,1772,13,1
78,77,20,2470,125,43.33,101.52,6,11,0,308,144,2433,16,1
47,45,7,954,81,25.11,87.68,0,4,5,97,61,1088,3,0
80,75,9,2057,133,31.17,76.81,2,12,4,274,80,2678,9,0
78,73,20,2184,137,41.21,80.32,5,9,1,312,60,2719,17,0
42,39,8,836,105,26.97,64.21,1,1,6,86,24,1302,5,0
59,56,8,2387,118,49.73,104.05,1,6,1,333,158,2294,4,1
51,49,9,1282,131,32.05,94.06,2,5,9,168,77,1363,3,0
21,16,4,529,116,44.08,70.82,4,2,0,74,13,747,3,1
43,41,8,1571,121,47.61,109.78,1,4,0,215,95,1431,10,1
58,55,8,2039,116,43.38,70.26,3,6,1,242,60,2902,15,1
37,37,9,853,127,30.46,69.75,1,2,7,96,19,1223,2,0
90,90,11,2338,123,29.59,94.58,6,6,9,340,143,2472,9,1
82,81,14,2114,110,31.55,67.37,1,8,5,286,58,3138,14,0
45,42,8,1087,139,31.97,71.09,2,4,2,154,32,1529,8,1
48,44,9,1105,127,31.57,71.85,3,3,2,131,41,1538,7,0
36,35,7,1380,122,49.29,96.77,3,7,1,151,66,1426,9,1
62,58,10,1578,127,32.88,86.94,5,6,4,196,95,1815,7,0
42,41,8,1346,122,40.79,78.39,2,8,1,178,40,1717,4,1
64,64,15,916,51,18.69,66.18,0,0,14,114,32,1384,14,0
15,11,3,391,156,48.88,116.37,1,1,0,47,28,336,2,1
27,24,3,717,136,34.14,100.42,1,3,4,69,38,714,2,1
72,69,8,1146,105,18.79,92.72,1,1,12,138,71,1236,4,0
71,68,13,1734,136,31.53,94.14,4,7,6,193,83,1842,14,1
63,63,12,1367,108,26.8,55.01,1,8,15,150,18,2485,7,0
66,62,11,958,134,18.78,69.12,1,1,14,124,28,1386,11,0
46,44,8,1826,137,50.72,104.58,1,4,0,171,99,1746,7,1
27,25,7,727,116,40.39,78.09,2,4,3,106,24,931,3,0
42,38,2,964,82,26.78,83.97,0,2,4,126,43,1148,8,0
17,16,5,521,126,47.36,82.7,2,3,0,66,19,630,3,1
32,32,3,511,134,17.62,57.67,1,0,5,63,18,886,3,0
66,66,7,1454,106,24.64,82.19,3,3,6,182,77,1769,4,0
67,63,9,1373,127,25.43,81.63,3,3,15,141,75,1682,9,0
81,78,12,2620,132,39.7,92.22,9,11,4,391,129,2841,8,1
50,46,3,947,127,22.02,67.74,1,3,9,108,24,1398,4,0
68,66,14,1591,137,30.6,97.73,2,3,8,144,98,1628,4,1
48,44,6,1580,130,41.58,71.33,6,8,1,164,58,2215,8,0
51,46,3,967,122,22.49,57.02,1,3,7,140,20,1696,6,0
29,24,4,785,117,39.25,79.78,1,4,1,98,41,984,5,0
43,41,6,1412,121,40.34,94.07,0,6,4,186,73,1501,3,0
62,60,12,1830,114,38.12,80.94,6,8,2,247,75,2261,4,0
65,60,10,1401,83,28.02,105.58,0,3,4,137,97,1327,9,1
18,15,4,479,105,43.55,119.75,1,1,0,62,34,400,2,1
41,36,7,611,43,21.07,63.51,0,3,3,68,21,962,4,0
44,43,11,1273,114,39.78,92.99,3,6,2,151,51,1369,3,0
19,15,3,302,125,25.17,58.75,1,1,2,30,7,514,4,0
50,49,7,1736,139,41.33,96.28,3,8,1,212,83,1803,7,1
23,19,2,723,100,42.53,67.51,0,1,0,93,18,1071,6,0
60,55,4,1218,129,23.88,82.69,1,3,14,157,71,1473,8,0
49,44,7,924,109,24.97,90.41,3,2,8,131,46,1022,8,0
55,51,13,1911,140,50.29,110.53,3,4,0,245,121,1729,5,1
20,18,3,327,124,21.8,86.51,1,1,3,44,20,378,2,0
63,62,14,2598,172,54.12,84.52,3,9,0,291,109,3074,8,0
42,42,6,1326,138,36.83,103.27,4,2,1,179,91,1284,6,1
83,83,10,2197,124,30.1,62.79,3,9,7,299,47,3499,1,0
39,35,10,916,102,36.64,111.84,3,7,0,127,64,819,6,0
71,70,9,2078,112,34.07,108.34,6,9,6,286,128,1918,14,1
28,27,5,1091,161,49.59,95.12,1,6,1,136,53,1147,0,0
42,40,8,1201,130,37.53,74.32,4,3,2,141,35,1616,1,1
29,26,4,724,110,32.91,84.38,1,2,2,93,36,858,3,0
42,42,8,1247,112,36.68,87.82,3,5,1,142,60,1420,6,1
52,52,5,1607,127,34.19,98.11,1,3,1,194,97,1638,2,0
61,61,3,968,42,16.69,55.0,0,3,12,101,22,1760,6,0
34,32,6,509,65,19.58,55.03,0,1,7,70,8,925,5,0
89,84,14,2571,134,36.73,111.54,6,7,2,258,169,2305,23,1
60,59,5,1229,110,22.76,89.38,3,3,4,176,75,1375,12,0
48,45,10,1500,135,42.86,82.46,4,5,1,202,48,1819,4,1
37,32,4,385,44,13.75,72.92,0,3,8,40,14,528,2,0
58,56,8,2258,132,47.04,77.41,4,7,0,308,65,2917,7,1
88,88,13,1440,57,19.2,79.82,0,1,15,151,52,1804,6,0
75,75,6,934,41,13.54,74.84,0,2,16,100,47,1248,20,0
30,25,7,691,126,38.39,114.03,2,2,1,83,51,606,4,1
35,30,8,1094,167,49.73,69.2,3,6,1,117,30,1581,5,0
17,17,4,661,154,50.85,75.72,2,1,0,62,21,873,2,0
48,43,11,1252,116,39.12,97.2,4,3,3,118,82,1288,9,1
76,72,8,1823,121,28.48,71.8,3,5,7,168,45,2539,18,1
77,77,6,2756,100,38.82,70.88,2,9,6,291,61,3888,10,0
34,31,5,971,124,37.35,79.85,2,5,1,88,42,1216,7,0
71,71,16,1346,126,24.47,89.49,3,3,14,178,86,1504,6,0
32,28,4,530,59,22.08,84.8,0,2,0,73,30,625,4,0
67,64,12,1818,109,34.96,98.01,0,7,0,238,133,1855,5,1
80,75,14,3200,156,52.46,106.63,3,9,0,298,183,3001,13,1
57,56,10,1323,136,28.76,73.13,2,5,10,155,58,1809,8,0
40,36,6,1309,131,43.63,85.0,1,4,1,120,62,1540,5,1
47,44,11,1049,135,31.79,76.46,3,7,3,155,35,1372,1,0
21,18,5,636,144,48.92,110.99,3,3,0,58,41,573,3,1
60,58,13,2171,152,48.24,81.43,2,8,1,209,71,2666,12,1
